bg_document_id,bg_url,en_url,match_status,en_document_id
11308,https://dskbank.bg/индивидуални-клиенти/спестяване/безсрочни-спестовни-сметки/детайли-за-безсрочни-спестовни-сметки/индивидуални-продукти/детски--влог,https://dskbank.bg/en/individual-clients/savings/savings/detail-page-savings/product-group/childrens-savings-account,MATCHED,17122.0
11307,https://dskbank.bg/индивидуални-клиенти/спестяване/безсрочни-спестовни-сметки/детайли-за-безсрочни-спестовни-сметки/индивидуални-продукти/виртуална-спестовна-компонента,,UNMATCHED,
11309,https://dskbank.bg/индивидуални-клиенти/спестяване/безсрочни-спестовни-сметки/детайли-за-безсрочни-спестовни-сметки/индивидуални-продукти/безсрочен--влог,https://dskbank.bg/en/individual-clients/savings/savings/detail-page-savings/product-group/termless-deposit,MATCHED,10935.0
11299,https://dskbank.bg/индивидуални-клиенти/разплащания/сметки/детайли-за-разплащателни-продукти/индивидуални-продукти/стандартна-разплащателна-сметка,https://dskbank.bg/en/individual-clients/current-accounts-for-individual-clients/accounts/details-accounts/product-group/standard-current-account,MATCHED,10876.0
11302,https://dskbank.bg/индивидуални-клиенти/разплащания/сметки/детайли-за-разплащателни-продукти/индивидуални-продукти/сметките-със-специални-дебитни-карти-дск---старт-тийн-и-макс,https://dskbank.bg/en/individual-clients/current-accounts-for-individual-clients/accounts/details-accounts/product-group/current-accounts-with-special-debit-cards-for-kids-teens-and-youth,MATCHED,10878.0
11303,https://dskbank.bg/индивидуални-клиенти/разплащания/сметки/детайли-за-разплащателни-продукти/индивидуални-продукти/платежна-сметка-за-основни-операции,https://dskbank.bg/en/individual-clients/current-accounts-for-individual-clients/accounts/details-accounts/product-group/payment-account-for-basic-operations,MATCHED,10879.0
11300,https://dskbank.bg/индивидуални-клиенти/разплащания/сметки/детайли-за-разплащателни-продукти/индивидуални-продукти/дарителска-сметка-дск-пулс,https://dskbank.bg/en/individual-clients/current-accounts-for-individual-clients/accounts/details-accounts/product-group/donation-account-dsk-pulse,MATCHED,10877.0
11703,https://dskbank.bg/индивидуални-клиенти/кредитиране/стоков-кредит/детайли-за-стоков-кредит/индивидуални-продукти/бърз-стоков-кредит,https://dskbank.bg/en/individual-clients/loans/pos-credit/stock-loan-details/product-group/pos-loan,MATCHED,11071.0
11709,https://dskbank.bg/индивидуални-клиенти/кредитиране/потребителски-кредити/детайли-за-потребителски-кредити/индивидуални-продукти/студентски-кредит-за-студенти-и-докторанти,https://dskbank.bg/en/individual-clients/loans/consumer-loans/consumer-loans-details/product-group/students-loan,MATCHED,11088.0
10232,https://dskbank.bg/индивидуални-клиенти/кредитиране/потребителски-кредити/детайли-за-потребителски-кредити/индивидуални-продукти/стандартен-потребителски-кредит,https://dskbank.bg/en/individual-clients/loans/consumer-loans/consumer-loans-details/product-group/standard-consumer-loan,MATCHED,11092.0
11407,https://dskbank.bg/индивидуални-клиенти/кредитиране/потребителски-кредити/детайли-за-потребителски-кредити/индивидуални-продукти/потребителски-кредит,https://dskbank.bg/en/individual-clients/loans/consumer-loans/consumer-loans-details/product-group/standard-consumer-loan-office,MATCHED,10998.0
11711,https://dskbank.bg/индивидуални-клиенти/кредитиране/потребителски-кредити/детайли-за-потребителски-кредити/индивидуални-продукти/кредит-овърдрафт,https://dskbank.bg/en/individual-clients/loans/consumer-loans/consumer-loans-details/product-group/overdraft,MATCHED,11091.0
12251,https://dskbank.bg/индивидуални-клиенти/кредитиране/потребителски-кредити/детайли-за-потребителски-кредити/бизнес-клиенти/оборотни-кредити-с-обезпечение,https://dskbank.bg/en/individual-clients/loans/consumer-loans/consumer-loans-details/business-clients/working-capital-financing-with-collateral,MATCHED,12277.0
11388,https://dskbank.bg/индивидуални-клиенти/кредитиране/жилищни-и-ипотечни-кредити/детайли-за-ипотечни-кредити/индивидуални-продукти/кредит-за-финансиране-на-текущи-потребности-включително-и-за-инвестиране-в-имот,https://dskbank.bg/en/individual-clients/loans/mortgages-loans/details-mortgage-loans/product-group/mortgage-loan-for-current-needs,MATCHED,11084.0
11389,https://dskbank.bg/индивидуални-клиенти/кредитиране/жилищни-и-ипотечни-кредити/детайли-за-ипотечни-кредити/индивидуални-продукти/кредит-за-покупка-и-довършителни-работи-или-подобрения-на-нежилищен-имот,https://dskbank.bg/en/individual-clients/loans/mortgages-loans/details-mortgage-loans/product-group/mortgage-loan-for-purchasing-of-non-residential-property,MATCHED,10996.0
11706,https://dskbank.bg/индивидуални-клиенти/кредитиране/жилищни-и-ипотечни-кредити/детайли-за-ипотечни-кредити/индивидуални-продукти/кредит-за-покупка-и-довършителни-работи,,UNMATCHED,
11705,https://dskbank.bg/индивидуални-клиенти/кредитиране/жилищни-и-ипотечни-кредити/детайли-за-ипотечни-кредити/индивидуални-продукти/кредит-за-издължаване-и-консолидиране-на-кредити-към-банковата-система-и-други-финансови-институции-както-и-други-дългове,https://dskbank.bg/en/individual-clients/loans/mortgages-loans/details-mortgage-loans/product-group/mortgage-loan-for-refinancing,MATCHED,11085.0
11387,https://dskbank.bg/индивидуални-клиенти/кредитиране/жилищни-и-ипотечни-кредити/детайли-за-ипотечни-кредити/индивидуални-продукти/за-твоят-дом-в-българия,,UNMATCHED,
11390,https://dskbank.bg/индивидуални-клиенти/кредитиране/жилищни-и-ипотечни-кредити/детайли-за-ипотечни-кредити/индивидуални-продукти/за-строителство-довършителни-работи-и-подобрения-на-жилищен-имот,https://dskbank.bg/en/individual-clients/loans/mortgages-loans/details-mortgage-loans/product-group/housing-loan-for-construction-finishing-works-and-improvements-of-a-residential-property,MATCHED,10997.0
11707,https://dskbank.bg/индивидуални-клиенти/кредитиране/жилищни-и-ипотечни-кредити/детайли-за-ипотечни-кредити/индивидуални-продукти/за-покупка-на-жилищен-имот,https://dskbank.bg/en/individual-clients/loans/mortgages-loans/details-mortgage-loans/product-group/housing-loan-for-purchase-residential-property,MATCHED,11086.0
11414,https://dskbank.bg/индивидуални-клиенти/инвестиционни-фондове/инвестиционен-план,https://dskbank.bg/en/individual-clients/dsk-mutual-funds/dsk-investment-plan,MATCHED,11008.0
12358,https://dskbank.bg/индивидуални-клиенти/застраховане/застраховки-детайл/индивидуални-продукти/смисъл-за-теб,https://dskbank.bg/en/individual-clients/insurance/details-insurances/product-group/insurance-thinking-of-you,MATCHED,12267.0
12246,https://dskbank.bg/индивидуални-клиенти/застраховане/застраховки-детайл/индивидуални-продукти/кредитна-защита-към-жилищни-и-ипотечени-кредити,https://dskbank.bg/en/individual-clients/insurance/details-insurances/product-group/for-a-mortgage-or-housing-loan,MATCHED,12270.0
12232,https://dskbank.bg/индивидуални-клиенти/застраховане/застраховки-детайл/индивидуални-продукти/застраховка-помощ-при-пътуване,https://dskbank.bg/en/individual-clients/insurance/details-insurances/product-group/travel-assistance-insurance,MATCHED,12261.0
12231,https://dskbank.bg/индивидуални-клиенти/застраховане/застраховки-детайл/индивидуални-продукти/застраховка-моето-пътуване,https://dskbank.bg/en/individual-clients/insurance/details-insurances/product-group/my-trip-insurance,MATCHED,12263.0
12359,https://dskbank.bg/индивидуални-клиенти/застраховане/застраховки-детайл/индивидуални-продукти/застраховка-любим-дом,https://dskbank.bg/en/individual-clients/insurance/details-insurances/product-group/sweet-home-insurance,MATCHED,12268.0
12245,https://dskbank.bg/индивидуални-клиенти/застраховане/застраховки-детайл/индивидуални-продукти/застраховка-кредитополучатели-на-стокови-кредити,https://dskbank.bg/en/individual-clients/insurance/details-insurances/product-group/standard-package-plus,MATCHED,12269.0
12247,https://dskbank.bg/индивидуални-клиенти/застраховане/застраховки-детайл/индивидуални-продукти/застраховка-кредитна-защита,https://dskbank.bg/en/individual-clients/insurance/details-insurances/product-group/loan-protection-insurance,MATCHED,12271.0
12230,https://dskbank.bg/индивидуални-клиенти/застраховане/застраховки-детайл/индивидуални-продукти/застраховка-живот-свързана-с-инвестиционен-фонд-протектинвест,https://dskbank.bg/en/individual-clients/insurance/details-insurances/product-group/protectinvest-unit-linked-life-insurance,MATCHED,12262.0
12243,https://dskbank.bg/индивидуални-клиенти/застраховане/застраховки-детайл/индивидуални-продукти/групова-застраховка-спокойствие-към-кредитна-услуга-овърдрафт,https://dskbank.bg/en/individual-clients/insurance/details-insurances/product-group/overdraft-credit-service-security-group-insurance,MATCHED,12264.0
12242,https://dskbank.bg/индивидуални-клиенти/застраховане/застраховки-детайл/индивидуални-продукти/групова-застраховка-спокойствие-към-кредитна-карта,https://dskbank.bg/en/individual-clients/insurance/details-insurances/product-group/credit-card-security-group-insurance,MATCHED,12265.0
12244,https://dskbank.bg/индивидуални-клиенти/застраховане/застраховки-детайл/индивидуални-продукти/групова-застраховка-спокойствие-към-дебитна-карта,https://dskbank.bg/en/individual-clients/insurance/details-insurances/product-group/debit-card-security-group-insurance,MATCHED,12266.0
10228,https://dskbank.bg/индивидуални-клиенти/електронно-банкиране/онлайн-банкиране-dsk-online,,UNMATCHED,
10229,https://dskbank.bg/индивидуални-клиенти/електронно-банкиране/мобилни-приложения/dsk-smart,https://dskbank.bg/en/individual-clients/electronic/mobile-applications/dsk-smart,MATCHED,12352.0
11371,https://dskbank.bg/индивидуални-клиенти/електронно-банкиране/мобилни-приложения/dsk-mtoken,https://dskbank.bg/en/individual-clients/electronic/mobile-applications/dsk-mtoken,MATCHED,12308.0
12363,https://dskbank.bg/индивидуални-клиенти/електронно-банкиране/интернет-банкиране,https://dskbank.bg/en/individual-clients/banking/online-banking-dsk-direct,MATCHED,12301.0
10217,https://dskbank.bg/индивидуални-клиенти/електронно-банкиране/dsk-mobile,,UNMATCHED,
11333,https://dskbank.bg/индивидуални-клиенти/глобални-пазари-и-инвестиции/управление-на-валутен-и-лихвен-риск/управление-на-лихвен-риск/лихвен-суап,https://dskbank.bg/en/individual-clients/fx-and-fx-derivative-products-trading/fx-risk-management/interest-risk-management/interest-rate-swap,MATCHED,10959.0
11345,https://dskbank.bg/индивидуални-клиенти/глобални-пазари-и-инвестиции/управление-на-валутен-и-лихвен-риск/управление-на-валутен-риск/обикновен-валутен-форуърд,https://dskbank.bg/en/individual-clients/fx-and-fx-derivative-products-trading/fx-risk-management/fx-risk-management/plain-fx-forward,MATCHED,10966.0
11341,https://dskbank.bg/индивидуални-клиенти/глобални-пазари-и-инвестиции/управление-на-валутен-и-лихвен-риск/управление-на-валутен-риск/валутна-опция,https://dskbank.bg/en/individual-clients/fx-and-fx-derivative-products-trading/fx-risk-management/fx-risk-management/fx-option,MATCHED,10962.0
11335,https://dskbank.bg/индивидуални-клиенти/глобални-пазари-и-инвестиции/управление-на-валутен-и-лихвен-риск/управление-на-валутен-риск/бинарна-опция,https://dskbank.bg/en/individual-clients/fx-and-fx-derivative-products-trading/fx-risk-management/fx-risk-management/binary-fx-option,MATCHED,10961.0
11326,https://dskbank.bg/индивидуални-клиенти/глобални-пазари-и-инвестиции/инвестиционно-посредничество/търговия-с-дългови-инструменти,https://dskbank.bg/en/individual-clients/fx-and-fx-derivative-products-trading/investment-intermediation/trade-in-debt-instruments,MATCHED,10952.0
11325,https://dskbank.bg/индивидуални-клиенти/глобални-пазари-и-инвестиции/инвестиционно-посредничество/търговия-с-акции-и-борсово-търгувани-фондове,https://dskbank.bg/en/individual-clients/fx-and-fx-derivative-products-trading/investment-intermediation/trading-in-shares-and-exchange-traded-funds,MATCHED,10950.0
11324,https://dskbank.bg/индивидуални-клиенти/глобални-пазари-и-инвестиции/инвестиционно-посредничество/структурирани-продукти,https://dskbank.bg/en/individual-clients/fx-and-fx-derivative-products-trading/investment-intermediation/structured-products,MATCHED,10949.0
11316,https://dskbank.bg/индивидуални-клиенти/глобални-пазари-и-инвестиции/доверително-управление-на-портфейл,https://dskbank.bg/en/individual-clients/fx-and-fx-derivative-products-trading/discretionary-portfolio-management,MATCHED,10942.0
11347,https://dskbank.bg/индивидуални-клиенти/глобални-пазари-и-инвестиции/валутна-търговия,https://dskbank.bg/en/individual-clients/fx-and-fx-derivative-products-trading/fx-trading,MATCHED,10970.0
11684,https://dskbank.bg/индивидуални-клиенти/банкови-карти/кредитни-карти/детайли-за-кредитни-продукти/индивидуални-продукти/стандартни-кредитни-карти--galaxy,https://dskbank.bg/en/individual-clients/bank-cards/credit-cards/details-credit-cards/product-group/galaxy-credit-card,MATCHED,11028.0
11683,https://dskbank.bg/индивидуални-клиенти/банкови-карти/кредитни-карти/детайли-за-кредитни-продукти/индивидуални-продукти/платинени-кредитни--карти,https://dskbank.bg/en/individual-clients/bank-cards/credit-cards/details-credit-cards/product-group/platinum-credit-card,MATCHED,12313.0
11685,https://dskbank.bg/индивидуални-клиенти/банкови-карти/кредитни-карти/детайли-за-кредитни-продукти/индивидуални-продукти/кредитна-карта-dsk-wizz-air,https://dskbank.bg/en/individual-clients/bank-cards/credit-cards/details-credit-cards/product-group/dsk-wizz-air-credit-card,MATCHED,12314.0
11682,https://dskbank.bg/индивидуални-клиенти/банкови-карти/кредитни-карти/детайли-за-кредитни-продукти/индивидуални-продукти/карта-dsk-shopping,https://dskbank.bg/en/individual-clients/bank-cards/credit-cards/details-credit-cards/product-group/dsk-shopping-credit-card,MATCHED,12312.0
11383,https://dskbank.bg/индивидуални-клиенти/банкови-карти/дебитни-карти/детайли-за-дебитни-продукти/индивидуални-продукти/премиум-карта-world-debit--mastercard,https://dskbank.bg/en/individual-clients/bank-cards/debit-cards/details-debit-cards/product-group/world-debit-mastercard,MATCHED,12272.0
11678,https://dskbank.bg/индивидуални-клиенти/банкови-карти/дебитни-карти/детайли-за-дебитни-продукти/индивидуални-продукти/премиум-карта-visa-platinum-debit,https://dskbank.bg/en/individual-clients/bank-cards/debit-cards/details-debit-cards/product-group/visa-platinum-debit-card,MATCHED,12311.0
11677,https://dskbank.bg/индивидуални-клиенти/банкови-карти/дебитни-карти/детайли-за-дебитни-продукти/индивидуални-продукти/дебитна-карта-visa-infinite-debit,https://dskbank.bg/en/individual-clients/bank-cards/debit-cards/details-debit-cards/product-group/visa-infinite-debit-card,MATCHED,12310.0
11680,https://dskbank.bg/индивидуални-клиенти/банкови-карти/дебитни-карти/детайли-за-дебитни-продукти/индивидуални-продукти/visa-debit--paywave,https://dskbank.bg/en/individual-clients/bank-cards/debit-cards/details-debit-cards/product-group/standard-debit-cards,MATCHED,12414.0
11376,https://dskbank.bg/индивидуални-клиенти/банкови-карти/виртуални-карти/детайли-за-виртуални-продукти/индивидуални-продукти/виртуални-карти,https://dskbank.bg/en/individual-clients/bank-cards/virtual-cards/details-virtual-card/product-group/virtual-cards,MATCHED,10993.0
10519,https://dskbank.bg/бизнес-клиенти/моят-бизнес/пос-предложения/софтуерен-пос,https://dskbank.bg/en/business-clients/small-and-medium-business/pos-offers/software-pos,MATCHED,10785.0
10523,https://dskbank.bg/бизнес-клиенти/моят-бизнес/пос-предложения/пос,https://dskbank.bg/en/business-clients/small-and-medium-business/pos-offers/pos-terminal-by-dsk-bank,MATCHED,10786.0
10522,https://dskbank.bg/бизнес-клиенти/моят-бизнес/пос-предложения/виртуален-пос,https://dskbank.bg/en/business-clients/small-and-medium-business/pos-offers/virtual-pos,MATCHED,10784.0
10530,https://dskbank.bg/бизнес-клиенти/моят-бизнес/планове/дск-хоризонт,https://dskbank.bg/en/business-clients/small-and-medium-business/plans/dsk-horizon,MATCHED,10789.0
10528,https://dskbank.bg/бизнес-клиенти/моят-бизнес/планове/дск-развитие,https://dskbank.bg/en/business-clients/small-and-medium-business/plans/dsk-development,MATCHED,10808.0
10529,https://dskbank.bg/бизнес-клиенти/моят-бизнес/планове/дск-прогрес,https://dskbank.bg/en/business-clients/small-and-medium-business/plans/dsk-progress,MATCHED,10810.0
10531,https://dskbank.bg/бизнес-клиенти/моят-бизнес/планове/дск-начало,https://dskbank.bg/en/business-clients/small-and-medium-business/plans/dsk-start,MATCHED,10811.0
10563,https://dskbank.bg/бизнес-клиенти/моят-бизнес/кредити/детайли-за-кредити/бизнес-клиенти/оборотни-кредити-с-обезпечение,https://dskbank.bg/en/business-clients/small-and-medium-business/loans-and-bank-guarantees/loan-details/business-clients/working-capital-financing-with-collateral,MATCHED,10822.0
10562,https://dskbank.bg/бизнес-клиенти/моят-бизнес/кредити/детайли-за-кредити/бизнес-клиенти/оборотни-кредити-без-обезпечение,https://dskbank.bg/en/business-clients/small-and-medium-business/loans-and-bank-guarantees/loan-details/business-clients/working-capital-financing-without-collateral,MATCHED,10821.0
10561,https://dskbank.bg/бизнес-клиенти/моят-бизнес/кредити/детайли-за-кредити/бизнес-клиенти/кредит-експерт,,UNMATCHED,
10564,https://dskbank.bg/бизнес-клиенти/моят-бизнес/кредити/детайли-за-кредити/бизнес-клиенти/инвестиционни-и-оборотни-кредити,https://dskbank.bg/en/business-clients/small-and-medium-business/loans-and-bank-guarantees/loan-details/business-clients/investment-loans,MATCHED,10825.0
10565,https://dskbank.bg/бизнес-клиенти/моят-бизнес/кредити/детайли-за-кредити/бизнес-клиенти/банкови-гаранции,https://dskbank.bg/en/business-clients/small-and-medium-business/loans-and-bank-guarantees/loan-details/business-clients/bank-guarantees,MATCHED,10828.0
16220,https://dskbank.bg/бизнес-клиенти/моят-бизнес/електронно-банкиране/мобилно-приложение-dsk-mcsign,https://dskbank.bg/en/business-clients/small-and-medium-business/electronic-banking/dsk-mc-sign-mobile-application,MATCHED,16219.0
10572,https://dskbank.bg/бизнес-клиенти/моят-бизнес/електронно-банкиране/мобилно-банкиране-dsk-business,https://dskbank.bg/en/business-clients/small-and-medium-business/electronic-banking/dsk-business-mobile-banking,MATCHED,10836.0
17075,https://dskbank.bg/бизнес-клиенти/моят-бизнес/електронно-банкиране/интернет-банкиране/възможности-на-дск-директ-за-бизнес-клиенти,https://dskbank.bg/en/business-clients/small-and-medium-business/electronic-banking/dsk-direct-internet,MATCHED,10835.0
10556,https://dskbank.bg/бизнес-клиенти/моят-бизнес/електронно-банкиране/банкиране-с-multicash,https://dskbank.bg/en/business-clients/small-and-medium-business/electronic-banking/banking-with-multicash,MATCHED,10818.0
10575,https://dskbank.bg/бизнес-клиенти/моят-бизнес/електронно-банкиране/dsk-mtoken,https://dskbank.bg/en/business-clients/small-and-medium-business/electronic-banking/dsk-mtoken,MATCHED,10819.0
10541,https://dskbank.bg/бизнес-клиенти/моят-бизнес/бизнес-карти/бизнес-кредитни-карти/детайли-за-бизнес-кредитни-карти/бизнес-клиенти/visa-business-gold,,UNMATCHED,
10543,https://dskbank.bg/бизнес-клиенти/моят-бизнес/бизнес-карти/бизнес-кредитни-карти/детайли-за-бизнес-кредитни-карти/бизнес-клиенти/mastercard-business-credit-visa-business-credit-,https://dskbank.bg/en/business-clients/small-and-medium-business/business-cards/business-credit-cards/business-credit-card-details/business-clients/mastercard-business-credit-visa-credit,MATCHED,10814.0
10538,https://dskbank.bg/бизнес-клиенти/моят-бизнес/бизнес-карти/бизнес-дебитни-и-предплатени-карти/детайли-за-бизнес-дебитни-и-предплатени-карти/бизнес-клиенти/безконтактни-бизнес-дебитни-карти-,,UNMATCHED,
10438,https://dskbank.bg/бизнес-клиенти/моят-бизнес/бизнес-карти/бизнес-виртуални-карти/детайли-за-бизнес-виртуални-карти/бизнес-клиенти/виртуални-карти-за-бизнес-клиенти,,UNMATCHED,
12402,https://dskbank.bg/бизнес-клиенти/корпоративни-клиенти/продукти-и-услуги/финансиране/специализирано-финансиране,https://dskbank.bg/en/corporate-clients/corporate-clients/financing/specialized-financing,MATCHED,12344.0
12404,https://dskbank.bg/бизнес-клиенти/корпоративни-клиенти/продукти-и-услуги/финансиране/оборотно-финансиране,https://dskbank.bg/en/corporate-clients/corporate-clients/financing/working-capital-financing,MATCHED,12347.0
12394,https://dskbank.bg/бизнес-клиенти/корпоративни-клиенти/продукти-и-услуги/кешмениджмънт/пос-предложения/софтуерен-пос,https://dskbank.bg/en/corporate-clients/corporate-clients/cash-management/pos/software-pos,MATCHED,12338.0
12393,https://dskbank.bg/бизнес-клиенти/корпоративни-клиенти/продукти-и-услуги/кешмениджмънт/пос-предложения/пос-и-атм-устройства,https://dskbank.bg/en/corporate-clients/corporate-clients/cash-management/pos/pos-and-atms,MATCHED,12337.0
12395,https://dskbank.bg/бизнес-клиенти/корпоративни-клиенти/продукти-и-услуги/кешмениджмънт/пос-предложения/виртуален-пос,https://dskbank.bg/en/corporate-clients/corporate-clients/cash-management/pos/virtual-pos,MATCHED,12339.0
16303,https://dskbank.bg/бизнес-клиенти/корпоративни-клиенти/продукти-и-услуги/електронно-банкиране/мобилно-приложение-dsk-mcsign,https://dskbank.bg/en/corporate-clients/corporate-clients/internet-banking/dsk-mc-sign,MATCHED,16300.0
12336,https://dskbank.bg/бизнес-клиенти/корпоративни-клиенти/продукти-и-услуги/електронно-банкиране/мобилно-банкиране-dsk-business,https://dskbank.bg/en/corporate-clients/corporate-clients/internet-banking/mobile-banking,MATCHED,12298.0
12331,https://dskbank.bg/бизнес-клиенти/корпоративни-клиенти/продукти-и-услуги/електронно-банкиране/интернет-банкиране,https://dskbank.bg/en/corporate-clients/corporate-clients/internet-banking/internet-banking,MATCHED,12293.0
12335,https://dskbank.bg/бизнес-клиенти/корпоративни-клиенти/продукти-и-услуги/електронно-банкиране/банкиране-с-multicash,https://dskbank.bg/en/corporate-clients/corporate-clients/internet-banking/multicash-banking,MATCHED,12300.0
12333,https://dskbank.bg/бизнес-клиенти/корпоративни-клиенти/продукти-и-услуги/електронно-банкиране/dsk-mtoken,https://dskbank.bg/en/corporate-clients/corporate-clients/internet-banking/dsk-mtoken,MATCHED,12297.0
10251,https://dskbank.bg/бизнес-клиенти/застраховки/застраховка-сигурност-за-бизнеса,https://dskbank.bg/en/business-clients/insurance/business-security-insurance,MATCHED,10652.0
15589,https://dskbank.bg/бизнес-клиенти/застраховки/застраховка-комфорт-бизнес,https://dskbank.bg/en/business-clients/insurance/comfort-business-insurance,MATCHED,10653.0
10248,https://dskbank.bg/бизнес-клиенти/застраховки/застраховка-индустриален-пожар,https://dskbank.bg/en/business-clients/insurance/industrial-fire-insurance,MATCHED,10651.0
10390,https://dskbank.bg/бизнес-клиенти/глобални-пазари-и-инвестиции/управление-на-валутен-риск/уиндоу-форуърд,https://dskbank.bg/en/business-clients/global-markets-and-investments/fx-risk-management/window-fx-forward,MATCHED,17109.0
10392,https://dskbank.bg/бизнес-клиенти/глобални-пазари-и-инвестиции/управление-на-валутен-риск/обикновен-валутен-форуърд,https://dskbank.bg/en/business-clients/global-markets-and-investments/fx-risk-management/plain-fx-forward,MATCHED,17111.0
10391,https://dskbank.bg/бизнес-клиенти/глобални-пазари-и-инвестиции/управление-на-валутен-риск/гъвкав-валутен-форуърд,https://dskbank.bg/en/business-clients/global-markets-and-investments/fx-risk-management/flexi-fx-forward,MATCHED,17110.0
10388,https://dskbank.bg/бизнес-клиенти/глобални-пазари-и-инвестиции/управление-на-валутен-риск/валутна-опция,https://dskbank.bg/en/business-clients/global-markets-and-investments/fx-risk-management/fx-option,MATCHED,17105.0
17112,https://dskbank.bg/бизнес-клиенти/глобални-пазари-и-инвестиции/управление-на-валутен-риск/валутен-суап,https://dskbank.bg/en/business-clients/global-markets-and-investments/fx-risk-management/fx-swap,MATCHED,17108.0
10387,https://dskbank.bg/бизнес-клиенти/глобални-пазари-и-инвестиции/управление-на-валутен-риск/бинарна-опция,https://dskbank.bg/en/business-clients/global-markets-and-investments/fx-risk-management/binary-fx-option,MATCHED,17106.0
17113,https://dskbank.bg/бизнес-клиенти/глобални-пазари-и-инвестиции/управление-на-валутен-и-лихвен-риск/управление-на-лихвен-риск/лихвена-яка-редизайн,https://dskbank.bg/en/business-clients/global-markets-and-investments/fx-and-fx-derivative-products-trading/interest-rate-risk-management/interest-rate-collar,MATCHED,10698.0
10397,https://dskbank.bg/бизнес-клиенти/глобални-пазари-и-инвестиции/управление-на-валутен-и-лихвен-риск/управление-на-лихвен-риск/лихвен-таван,https://dskbank.bg/en/business-clients/global-markets-and-investments/fx-and-fx-derivative-products-trading/interest-rate-risk-management/interest-rate-cap,MATCHED,10700.0
10398,https://dskbank.bg/бизнес-клиенти/глобални-пазари-и-инвестиции/управление-на-валутен-и-лихвен-риск/управление-на-лихвен-риск/лихвен-суап,https://dskbank.bg/en/business-clients/global-markets-and-investments/fx-and-fx-derivative-products-trading/interest-rate-risk-management/interest-rate-swap,MATCHED,10701.0
17114,https://dskbank.bg/бизнес-клиенти/глобални-пазари-и-инвестиции/управление-на-валутен-и-лихвен-риск/управление-на-лихвен-риск/лихвен-под-редизайн,https://dskbank.bg/en/business-clients/global-markets-and-investments/fx-and-fx-derivative-products-trading/interest-rate-risk-management/interest-rate-floor,MATCHED,10699.0
10350,https://dskbank.bg/бизнес-клиенти/глобални-пазари-и-инвестиции/инвестиционно-посредничество/търговия-с-дългови-инструменти,https://dskbank.bg/en/business-clients/global-markets-and-investments/investment-intermediation/trade-in-debt-instruments,MATCHED,10686.0
10349,https://dskbank.bg/бизнес-клиенти/глобални-пазари-и-инвестиции/инвестиционно-посредничество/търговия-с-акции-и-борсово-търгувани-фондове,https://dskbank.bg/en/business-clients/global-markets-and-investments/investment-intermediation/trading-in-shares-and-exchange-traded-funds,MATCHED,12059.0
10348,https://dskbank.bg/бизнес-клиенти/глобални-пазари-и-инвестиции/инвестиционно-посредничество/структурирани-продукти,https://dskbank.bg/en/business-clients/global-markets-and-investments/investment-intermediation/structured-products,MATCHED,10664.0
10340,https://dskbank.bg/бизнес-клиенти/глобални-пазари-и-инвестиции/доверително-управление-на-индивидуален-портфейл,https://dskbank.bg/en/business-clients/global-markets-and-investments/discretionary-individual-portfolio-management,MATCHED,10656.0
10401,https://dskbank.bg/бизнес-клиенти/глобални-пазари-и-инвестиции/валутна-търговия,https://dskbank.bg/en/business-clients/global-markets-and-investments/fx-trading,MATCHED,10705.0
11421,https://dskbank.bg/premium-plan,https://dskbank.bg/en/premium-plan,MATCHED,16306.0
